price,location,ad_url
"$500.00
-15%",Zapote,"https://www.encuentra24.com/costa-rica-es/bienes-raices-alquiler-apartamentos/apartamento-estudio-en-yoses-sur/28158899?q=f_rent.200000-300000|f_currency.CRC&regionslug=san-jose-provincia,heredia-provincia&list=category&categoryslug=bienes-raices-alquiler-apartamentos"
"₡220,000",San Vicente,"https://www.encuentra24.com/costa-rica-es/bienes-raices-alquiler-apartamentos/hermoso-apartamento-de-2-dormitorio-en-moravia/28220887?q=f_rent.200000-300000|f_currency.CRC&regionslug=san-jose-provincia,heredia-provincia&list=category&categoryslug=bienes-raices-alquiler-apartamentos"
"₡220,000",Vázquez de Coronado,"https://www.encuentra24.com/costa-rica-es/bienes-raices-alquiler-apartamentos/alquiler-de-apartamento-en-san-antonio-de-coronado/28217249?q=f_rent.200000-300000|f_currency.CRC&regionslug=san-jose-provincia,heredia-provincia&list=category&categoryslug=bienes-raices-alquiler-apartamentos"
"₡200,000
-31%",Tirrases,"https://www.encuentra24.com/costa-rica-es/bienes-raices-alquiler-apartamentos/apartamento-en-lomas-de-ayarco-de-una-habitacion-amueblar/25349674?q=f_rent.200000-300000|f_currency.CRC&regionslug=san-jose-provincia,heredia-provincia&list=category&categoryslug=bienes-raices-alquiler-apartamentos"
"₡280,000
-3%",Carmen,"https://www.encuentra24.com/costa-rica-es/bienes-raices-alquiler-apartamentos/apartamento-en-ultimo-piso-barrio-otoya/22936685?q=f_rent.200000-300000|f_currency.CRC&regionslug=san-jose-provincia,heredia-provincia&list=category&categoryslug=bienes-raices-alquiler-apartamentos"
"₡290,000",Guadalupe,"https://www.encuentra24.com/costa-rica-es/bienes-raices-alquiler-apartamentos/alquiler-apartamento-goicoechea-guadalupe-el-carmen-finos-acabados/28041430?q=f_rent.200000-300000|f_currency.CRC&regionslug=san-jose-provincia,heredia-provincia&list=category&categoryslug=bienes-raices-alquiler-apartamentos"
"₡275,000",Granadilla,"https://www.encuentra24.com/costa-rica-es/bienes-raices-alquiler-apartamentos/apartamento-granadilla/24806105?q=f_rent.200000-300000|f_currency.CRC&regionslug=san-jose-provincia,heredia-provincia&list=category&categoryslug=bienes-raices-alquiler-apartamentos"
"₡285,000",Mercedes,"https://www.encuentra24.com/costa-rica-es/bienes-raices-alquiler-apartamentos/apartamento-para-1-persona/25618649?q=f_rent.200000-300000|f_currency.CRC&regionslug=san-jose-provincia,heredia-provincia&list=category&categoryslug=bienes-raices-alquiler-apartamentos"
"₡230,000",Ciudad Curridabat,"https://www.encuentra24.com/costa-rica-es/bienes-raices-alquiler-apartamentos/alquiler-de-apartamento-en-ciudad-curridabat/28087156?q=f_rent.200000-300000|f_currency.CRC&regionslug=san-jose-provincia,heredia-provincia&list=category&categoryslug=bienes-raices-alquiler-apartamentos"
"₡295,000
-11%",Heredia,"https://www.encuentra24.com/costa-rica-es/bienes-raices-alquiler-apartamentos/apartamento-2-hab-cerca-transp-publico-bus-tren-agua-cable-int-inc-disponible-1ro-julio/25540575?q=f_rent.200000-300000|f_currency.CRC&regionslug=san-jose-provincia,heredia-provincia&list=category&categoryslug=bienes-raices-alquiler-apartamentos"
"₡265,000
-4%",La Trinidad,"https://www.encuentra24.com/costa-rica-es/bienes-raices-alquiler-apartamentos/apto-comodo-seguro-cerca-de-todo/25386978?q=f_rent.200000-300000|f_currency.CRC&regionslug=san-jose-provincia,heredia-provincia&list=category&categoryslug=bienes-raices-alquiler-apartamentos"
$550.00,Carmen,"https://www.encuentra24.com/costa-rica-es/bienes-raices-alquiler-apartamentos/alquiler-de-apartamento-amueblado-en-el-historico-barrio-aranjuez/28177744?q=f_rent.200000-300000|f_currency.CRC&regionslug=san-jose-provincia,heredia-provincia&list=category&categoryslug=bienes-raices-alquiler-apartamentos"
"₡300,000",Ciudad Curridabat,"https://www.encuentra24.com/costa-rica-es/bienes-raices-alquiler-apartamentos/alquilo-apartamento-en-condominio-el-corral-torre-a-curridabat-excelente-precio/28196976?q=f_rent.200000-300000|f_currency.CRC&regionslug=san-jose-provincia,heredia-provincia&list=category&categoryslug=bienes-raices-alquiler-apartamentos"
"₡250,000",Mercedes,"https://www.encuentra24.com/costa-rica-es/bienes-raices-alquiler-apartamentos/apto-cerca-cafe-britt-mercedes-norte/28165154?q=f_rent.200000-300000|f_currency.CRC&regionslug=san-jose-provincia,heredia-provincia&list=category&categoryslug=bienes-raices-alquiler-apartamentos"
"₡210,000",Heredia,"https://www.encuentra24.com/costa-rica-es/bienes-raices-alquiler-apartamentos/studio-apartamento/28098639?q=f_rent.200000-300000|f_currency.CRC&regionslug=san-jose-provincia,heredia-provincia&list=category&categoryslug=bienes-raices-alquiler-apartamentos"
"₡200,000
-9%",Desamparados,"https://www.encuentra24.com/costa-rica-es/bienes-raices-alquiler-apartamentos/alquiler-de-estudio-en-guadalupe-el-alto/28040733?q=f_rent.200000-300000|f_currency.CRC&regionslug=san-jose-provincia,heredia-provincia&list=category&categoryslug=bienes-raices-alquiler-apartamentos"
"₡230,000
-54%",Desamparados,"https://www.encuentra24.com/costa-rica-es/bienes-raices-alquiler-apartamentos/apartamento-para-adultos-desamparados-calle-fallas/25391778?q=f_rent.200000-300000|f_currency.CRC&regionslug=san-jose-provincia,heredia-provincia&list=category&categoryslug=bienes-raices-alquiler-apartamentos"
"₡280,000",San Rafael,"https://www.encuentra24.com/costa-rica-es/bienes-raices-alquiler-apartamentos/apartamento-para-familia-pequena-en-san-rafael-de-heredia/28026389?q=f_rent.200000-300000|f_currency.CRC&regionslug=san-jose-provincia,heredia-provincia&list=category&categoryslug=bienes-raices-alquiler-apartamentos"
"₡250,000
-7%",San Pedro,"https://www.encuentra24.com/costa-rica-es/bienes-raices-alquiler-apartamentos/apartamento-san-pedro-centro/24722449?q=f_rent.200000-300000|f_currency.CRC&regionslug=san-jose-provincia,heredia-provincia&list=category&categoryslug=bienes-raices-alquiler-apartamentos"
"₡300,000
-5%",Piedades,"https://www.encuentra24.com/costa-rica-es/bienes-raices-alquiler-apartamentos/se-alquilan-apartamentos-en-piedades-de-santa-ana-excelente-ubicacion/28042279?q=f_rent.200000-300000|f_currency.CRC&regionslug=san-jose-provincia,heredia-provincia&list=category&categoryslug=bienes-raices-alquiler-apartamentos"
"₡280,000",Barrio Escalante,"https://www.encuentra24.com/costa-rica-es/bienes-raices-alquiler-apartamentos/alquiler-apartamento-de-1-habitacion-en-complejo-en-barrio-escalante/28284320?q=f_rent.200000-300000|f_currency.CRC&regionslug=san-jose-provincia,heredia-provincia&list=category&categoryslug=bienes-raices-alquiler-apartamentos"
"₡250,000",Rohrmoser,"https://www.encuentra24.com/costa-rica-es/bienes-raices-alquiler-apartamentos/sa-97-se-alquila-lindo-apartamento-tipo-estudio-servicios-incluidos/28284116?q=f_rent.200000-300000|f_currency.CRC&regionslug=san-jose-provincia,heredia-provincia&list=category&categoryslug=bienes-raices-alquiler-apartamentos"
$400.00,Piedades,"https://www.encuentra24.com/costa-rica-es/bienes-raices-alquiler-apartamentos/apartamento-tipo-estudio-en-piedades-de-santa-ana/28279818?q=f_rent.200000-300000|f_currency.CRC&regionslug=san-jose-provincia,heredia-provincia&list=category&categoryslug=bienes-raices-alquiler-apartamentos"
"₡230,000",Alajuelita,"https://www.encuentra24.com/costa-rica-es/bienes-raices-alquiler-apartamentos/apartamentos-dos-habitaciones-para-estrenar-alajuelita/28279520?q=f_rent.200000-300000|f_currency.CRC&regionslug=san-jose-provincia,heredia-provincia&list=category&categoryslug=bienes-raices-alquiler-apartamentos"
"₡280,000",Escazú,"https://www.encuentra24.com/costa-rica-es/bienes-raices-alquiler-apartamentos/apartamento-con-servicios-san-rafael-de-escazu-x-paco/28279025?q=f_rent.200000-300000|f_currency.CRC&regionslug=san-jose-provincia,heredia-provincia&list=category&categoryslug=bienes-raices-alquiler-apartamentos"
"₡300,000",Escazú,"https://www.encuentra24.com/costa-rica-es/bienes-raices-alquiler-apartamentos/apartamento-en-bello-horizonte-con-agua-luz-y-seguridad/28278900?q=f_rent.200000-300000|f_currency.CRC&regionslug=san-jose-provincia,heredia-provincia&list=category&categoryslug=bienes-raices-alquiler-apartamentos"
"₡200,000",Heredia,"https://www.encuentra24.com/costa-rica-es/bienes-raices-alquiler-apartamentos/alquiler-de-apartamento/28277378?q=f_rent.200000-300000|f_currency.CRC&regionslug=san-jose-provincia,heredia-provincia&list=category&categoryslug=bienes-raices-alquiler-apartamentos"
"₡250,000",Rohrmoser,"https://www.encuentra24.com/costa-rica-es/bienes-raices-alquiler-apartamentos/alquiler-de-apartamento-ideal-para-una-persona-en-zona-tranquila/28274542?q=f_rent.200000-300000|f_currency.CRC&regionslug=san-jose-provincia,heredia-provincia&list=category&categoryslug=bienes-raices-alquiler-apartamentos"
"₡200,000",Alajuelita,"https://www.encuentra24.com/costa-rica-es/bienes-raices-alquiler-apartamentos/alquilo-apartamento/28273001?q=f_rent.200000-300000|f_currency.CRC&regionslug=san-jose-provincia,heredia-provincia&list=category&categoryslug=bienes-raices-alquiler-apartamentos"
"₡265,000",San Rafael,"https://www.encuentra24.com/costa-rica-es/bienes-raices-alquiler-apartamentos/precioso-apartamento-de-dos-plantas/28245177?q=f_rent.200000-300000|f_currency.CRC&regionslug=san-jose-provincia,heredia-provincia&list=category&categoryslug=bienes-raices-alquiler-apartamentos"
"₡240,000",Hatillo,"https://www.encuentra24.com/costa-rica-es/bienes-raices-alquiler-apartamentos/apartamento-en-hatillo-2-por-iglesia-maria-reina-por-iglesia-metodista-etc/28269092?q=f_rent.200000-300000|f_currency.CRC&regionslug=san-jose-provincia,heredia-provincia&list=category&categoryslug=bienes-raices-alquiler-apartamentos"
"₡250,000",Santa Ana,"https://www.encuentra24.com/costa-rica-es/bienes-raices-alquiler-apartamentos/se-alquila-apartamento-en-santa-ana-cod-2497/28266820?q=f_rent.200000-300000|f_currency.CRC&regionslug=san-jose-provincia,heredia-provincia&list=category&categoryslug=bienes-raices-alquiler-apartamentos"
"₡230,000",Santa Ana,"https://www.encuentra24.com/costa-rica-es/bienes-raices-alquiler-apartamentos/se-alquila-apartamento-amueblado-en-santa-ana-cod-2917/28266813?q=f_rent.200000-300000|f_currency.CRC&regionslug=san-jose-provincia,heredia-provincia&list=category&categoryslug=bienes-raices-alquiler-apartamentos"
$425.00,Santa Ana,"https://www.encuentra24.com/costa-rica-es/bienes-raices-alquiler-apartamentos/se-alquila-apartamento-en-santa-ana-cod-2804/28266805?q=f_rent.200000-300000|f_currency.CRC&regionslug=san-jose-provincia,heredia-provincia&list=category&categoryslug=bienes-raices-alquiler-apartamentos"
"₡200,000",La Trinidad,"https://www.encuentra24.com/costa-rica-es/bienes-raices-alquiler-apartamentos/alquiler-de-apartamento-en-vazquez-de-coronado/28265358?q=f_rent.200000-300000|f_currency.CRC&regionslug=san-jose-provincia,heredia-provincia&list=category&categoryslug=bienes-raices-alquiler-apartamentos"
"₡200,000",Rohrmoser,"https://www.encuentra24.com/costa-rica-es/bienes-raices-alquiler-apartamentos/se-alquila-lindo-y-comodo-apartamento-cerca-final-boulevard-rohrmoser-santa-catalina-no-cochera/28261386?q=f_rent.200000-300000|f_currency.CRC&regionslug=san-jose-provincia,heredia-provincia&list=category&categoryslug=bienes-raices-alquiler-apartamentos"
"₡270,000",Pozos,"https://www.encuentra24.com/costa-rica-es/bienes-raices-alquiler-apartamentos/se-alquila-espectacular-apartamento-tipo-estudio-santa-ana-pozos-cerca-de-lindora/28261383?q=f_rent.200000-300000|f_currency.CRC&regionslug=san-jose-provincia,heredia-provincia&list=category&categoryslug=bienes-raices-alquiler-apartamentos"
"₡215,000",San Francisco,"https://www.encuentra24.com/costa-rica-es/bienes-raices-alquiler-apartamentos/se-alquila-apartamento/28167089?q=f_rent.200000-300000|f_currency.CRC&regionslug=san-jose-provincia,heredia-provincia&list=category&categoryslug=bienes-raices-alquiler-apartamentos"
"₡250,000",Zapote,"https://www.encuentra24.com/costa-rica-es/bienes-raices-alquiler-apartamentos/apartamento-en-barrio-cordoba-en-primer-nivel-zapote/28258543?q=f_rent.200000-300000|f_currency.CRC&regionslug=san-jose-provincia,heredia-provincia&list=category&categoryslug=bienes-raices-alquiler-apartamentos"
$400.00,Escazú,"https://www.encuentra24.com/costa-rica-es/bienes-raices-alquiler-apartamentos/alquiler-departamento-estudio-independiente-400-dolares-35m2/28256587?q=f_rent.200000-300000|f_currency.CRC&regionslug=san-jose-provincia,heredia-provincia&list=category&categoryslug=bienes-raices-alquiler-apartamentos"
"₡280,000",Carmen,"https://www.encuentra24.com/costa-rica-es/bienes-raices-alquiler-apartamentos/alquilo-apartamento-en-barrio-otoya-san-jose/28256585?q=f_rent.200000-300000|f_currency.CRC&regionslug=san-jose-provincia,heredia-provincia&list=category&categoryslug=bienes-raices-alquiler-apartamentos"
"₡200,000",Guadalupe,"https://www.encuentra24.com/costa-rica-es/bienes-raices-alquiler-apartamentos/se-alquila-apartamento-para-estudiantes/28254536?q=f_rent.200000-300000|f_currency.CRC&regionslug=san-jose-provincia,heredia-provincia&list=category&categoryslug=bienes-raices-alquiler-apartamentos"
"₡260,000",San Francisco de Dos Ríos,"https://www.encuentra24.com/costa-rica-es/bienes-raices-alquiler-apartamentos/alquiler-de-apartamento-san-fco-de-dos-rios/28254441?q=f_rent.200000-300000|f_currency.CRC&regionslug=san-jose-provincia,heredia-provincia&list=category&categoryslug=bienes-raices-alquiler-apartamentos"
"₡220,000",Ciudad Curridabat,"https://www.encuentra24.com/costa-rica-es/bienes-raices-alquiler-apartamentos/apartamento-en-alquiler-en-curridabat/28254395?q=f_rent.200000-300000|f_currency.CRC&regionslug=san-jose-provincia,heredia-provincia&list=category&categoryslug=bienes-raices-alquiler-apartamentos"
"₡275,000",Guadalupe,"https://www.encuentra24.com/costa-rica-es/bienes-raices-alquiler-apartamentos/apartamento-en-guadalupe-condominio-las-magnolias/28245376?q=f_rent.200000-300000|f_currency.CRC&regionslug=san-jose-provincia,heredia-provincia&list=category&categoryslug=bienes-raices-alquiler-apartamentos"
"₡225,000",Uruca,"https://www.encuentra24.com/costa-rica-es/bienes-raices-alquiler-apartamentos/apartamento-en-la-uruca/28251697?q=f_rent.200000-300000|f_currency.CRC&regionslug=san-jose-provincia,heredia-provincia&list=category&categoryslug=bienes-raices-alquiler-apartamentos"
"₡200,000",Calle Blancos,"https://www.encuentra24.com/costa-rica-es/bienes-raices-alquiler-apartamentos/se-alquila-apartamento-en-calle-blancos-sin-mascotas/28250590?q=f_rent.200000-300000|f_currency.CRC&regionslug=san-jose-provincia,heredia-provincia&list=category&categoryslug=bienes-raices-alquiler-apartamentos"
"₡270,000",Pozos,"https://www.encuentra24.com/costa-rica-es/bienes-raices-alquiler-apartamentos/se-alquila-espectacular-apartamento-tipo-estudio-santa-ana-pozos-cerca-lindora/28247636?q=f_rent.200000-300000|f_currency.CRC&regionslug=san-jose-provincia,heredia-provincia&list=category&categoryslug=bienes-raices-alquiler-apartamentos"
"₡200,000",Rohrmoser,"https://www.encuentra24.com/costa-rica-es/bienes-raices-alquiler-apartamentos/se-alquila-lindo-y-comodo-apartamento-final-boulevard-rohrmoser-santa-catalina-no-estacionamiento/28247633?q=f_rent.200000-300000|f_currency.CRC&regionslug=san-jose-provincia,heredia-provincia&list=category&categoryslug=bienes-raices-alquiler-apartamentos"
"₡250,000",Desamparados,"https://www.encuentra24.com/costa-rica-es/bienes-raices-alquiler-apartamentos/apartamento-en-desamparados-recien-pintado-para-hogar-u-oficina/28247465?q=f_rent.200000-300000|f_currency.CRC&regionslug=san-jose-provincia,heredia-provincia&list=category&categoryslug=bienes-raices-alquiler-apartamentos"
"₡230,000
-4%",San Vicente,"https://www.encuentra24.com/costa-rica-es/bienes-raices-alquiler-apartamentos/moravia-centro-50mts-oeste-y-50mts-sur-del-liceo-de-moravia/25601034?q=f_rent.200000-300000|f_currency.CRC&regionslug=san-jose-provincia,heredia-provincia&list=category&categoryslug=bienes-raices-alquiler-apartamentos"
"₡200,000",Pavas,"https://www.encuentra24.com/costa-rica-es/bienes-raices-alquiler-apartamentos/se-alquila-apartamento-en-pavas-super-precio/25565378?q=f_rent.200000-300000|f_currency.CRC&regionslug=san-jose-provincia,heredia-provincia&list=category&categoryslug=bienes-raices-alquiler-apartamentos"
"₡200,000",San Sebastián,"https://www.encuentra24.com/costa-rica-es/bienes-raices-alquiler-apartamentos/apartamento-para-alquilar/28245291?q=f_rent.200000-300000|f_currency.CRC&regionslug=san-jose-provincia,heredia-provincia&list=category&categoryslug=bienes-raices-alquiler-apartamentos"
"₡250,000",Santa Ana,"https://www.encuentra24.com/costa-rica-es/bienes-raices-alquiler-apartamentos/se-alquila-apartamento-en-santa-ana-cod-2497/28244545?q=f_rent.200000-300000|f_currency.CRC&regionslug=san-jose-provincia,heredia-provincia&list=category&categoryslug=bienes-raices-alquiler-apartamentos"
"₡210,000",Desamparados,"https://www.encuentra24.com/costa-rica-es/bienes-raices-alquiler-apartamentos/desamparados-centro-apto-de-1-dormitorio-persona-sola-o-pareja-sin-hijos-no-mascotas/28237419?q=f_rent.200000-300000|f_currency.CRC&regionslug=san-jose-provincia,heredia-provincia&list=category&categoryslug=bienes-raices-alquiler-apartamentos"
"₡200,000",Pavas,"https://www.encuentra24.com/costa-rica-es/bienes-raices-alquiler-apartamentos/se-alquila-apartamento-en-pavas-super-precio/28240171?q=f_rent.200000-300000|f_currency.CRC&regionslug=san-jose-provincia,heredia-provincia&list=category&categoryslug=bienes-raices-alquiler-apartamentos"
"₡260,000",Pavas,"https://www.encuentra24.com/costa-rica-es/bienes-raices-alquiler-apartamentos/alquiler-de-apartamento-en-pavas-cercano-al-pali/28237999?q=f_rent.200000-300000|f_currency.CRC&regionslug=san-jose-provincia,heredia-provincia&list=category&categoryslug=bienes-raices-alquiler-apartamentos"
"₡290,000",San Pedro,"https://www.encuentra24.com/costa-rica-es/bienes-raices-alquiler-apartamentos/alquiler-de-apartamento-en-montes-de-oca-san-pedro-2-hab/28237936?q=f_rent.200000-300000|f_currency.CRC&regionslug=san-jose-provincia,heredia-provincia&list=category&categoryslug=bienes-raices-alquiler-apartamentos"
$475.00,Mata Redonda,"https://www.encuentra24.com/costa-rica-es/bienes-raices-alquiler-apartamentos/apartamento-tipo-estudio-en-sabana-este-por-gimnasio-nacional-torre-universal-etc/28237193?q=f_rent.200000-300000|f_currency.CRC&regionslug=san-jose-provincia,heredia-provincia&list=category&categoryslug=bienes-raices-alquiler-apartamentos"
"₡200,000",San Pedro,"https://www.encuentra24.com/costa-rica-es/bienes-raices-alquiler-apartamentos/apartamento-amueblado-en-san-pedro-de-montes-de-oca-san-jose/28236132?q=f_rent.200000-300000|f_currency.CRC&regionslug=san-jose-provincia,heredia-provincia&list=category&categoryslug=bienes-raices-alquiler-apartamentos"
"₡265,000",Sabanilla,"https://www.encuentra24.com/costa-rica-es/bienes-raices-alquiler-apartamentos/sa-02-apartamento-en-excelente-precio-2-habitaciones-agua-incluida/28226988?q=f_rent.200000-300000|f_currency.CRC&regionslug=san-jose-provincia,heredia-provincia&list=category&categoryslug=bienes-raices-alquiler-apartamentos"
"₡275,000",Heredia,"https://www.encuentra24.com/costa-rica-es/bienes-raices-alquiler-apartamentos/apartamento-servicios-incluidos-en-san-pablo-de-heredia/28226415?q=f_rent.200000-300000|f_currency.CRC&regionslug=san-jose-provincia,heredia-provincia&list=category&categoryslug=bienes-raices-alquiler-apartamentos"
"₡260,000",San Francisco de Dos Ríos,"https://www.encuentra24.com/costa-rica-es/bienes-raices-alquiler-apartamentos/alquiler-de-apartamento-san-francisco-de-dos-rios/28225408?q=f_rent.200000-300000|f_currency.CRC&regionslug=san-jose-provincia,heredia-provincia&list=category&categoryslug=bienes-raices-alquiler-apartamentos"
"₡250,000",Mata Redonda,"https://www.encuentra24.com/costa-rica-es/bienes-raices-alquiler-apartamentos/se-alquilan-habitaciones-a-la-par-de-ucimed/27895794?q=f_rent.200000-300000|f_currency.CRC&regionslug=san-jose-provincia,heredia-provincia&list=category&categoryslug=bienes-raices-alquiler-apartamentos"
"₡210,000",Calle Blancos,"https://www.encuentra24.com/costa-rica-es/bienes-raices-alquiler-apartamentos/se-alquila-apartamento-en-montelimar/28095014?q=f_rent.200000-300000|f_currency.CRC&regionslug=san-jose-provincia,heredia-provincia&list=category&categoryslug=bienes-raices-alquiler-apartamentos"
"₡285,000",Escazú,"https://www.encuentra24.com/costa-rica-es/bienes-raices-alquiler-apartamentos/apartmento-muy-seguro-y-centrico/28214581?q=f_rent.200000-300000|f_currency.CRC&regionslug=san-jose-provincia,heredia-provincia&list=category&categoryslug=bienes-raices-alquiler-apartamentos"
"₡200,000",Calle Blancos,"https://www.encuentra24.com/costa-rica-es/bienes-raices-alquiler-apartamentos/alquiler-apartamento-calle-blanco/28214539?q=f_rent.200000-300000|f_currency.CRC&regionslug=san-jose-provincia,heredia-provincia&list=category&categoryslug=bienes-raices-alquiler-apartamentos"
$425.00,Santa Ana,"https://www.encuentra24.com/costa-rica-es/bienes-raices-alquiler-apartamentos/se-alquila-apartamento-en-santa-ana-cod-2804/28212208?q=f_rent.200000-300000|f_currency.CRC&regionslug=san-jose-provincia,heredia-provincia&list=category&categoryslug=bienes-raices-alquiler-apartamentos"
"₡230,000",Santa Ana,"https://www.encuentra24.com/costa-rica-es/bienes-raices-alquiler-apartamentos/se-alquila-apartamento-amueblado-en-santa-ana-cod-2730/28212204?q=f_rent.200000-300000|f_currency.CRC&regionslug=san-jose-provincia,heredia-provincia&list=category&categoryslug=bienes-raices-alquiler-apartamentos"
$425.00,Santa Ana,"https://www.encuentra24.com/costa-rica-es/bienes-raices-alquiler-apartamentos/se-alquila-apartamento-en-santa-ana-cod-2804/28212203?q=f_rent.200000-300000|f_currency.CRC&regionslug=san-jose-provincia,heredia-provincia&list=category&categoryslug=bienes-raices-alquiler-apartamentos"
"₡295,000",Heredia,"https://www.encuentra24.com/costa-rica-es/bienes-raices-alquiler-apartamentos/alquilo-apartamento-en-san-rafael-de-heredia-maximo-2-personas/28205035?q=f_rent.200000-300000|f_currency.CRC&regionslug=san-jose-provincia,heredia-provincia&list=category&categoryslug=bienes-raices-alquiler-apartamentos"
"₡260,000",Hospital,"https://www.encuentra24.com/costa-rica-es/bienes-raices-alquiler-apartamentos/apartamento-en-alquiler-en-barrio-cuba-san-jose-p076/28198423?q=f_rent.200000-300000|f_currency.CRC&regionslug=san-jose-provincia,heredia-provincia&list=category&categoryslug=bienes-raices-alquiler-apartamentos"
$480.00,Piedades,"https://www.encuentra24.com/costa-rica-es/bienes-raices-alquiler-apartamentos/alquiler-apartamento-tipo-estudio/28197472?q=f_rent.200000-300000|f_currency.CRC&regionslug=san-jose-provincia,heredia-provincia&list=category&categoryslug=bienes-raices-alquiler-apartamentos"
"₡220,000",Tibás,"https://www.encuentra24.com/costa-rica-es/bienes-raices-alquiler-apartamentos/sa-113-amplio-apartamento-muy-seguro-muy-iluminado-excelente-precio/28184439?q=f_rent.200000-300000|f_currency.CRC&regionslug=san-jose-provincia,heredia-provincia&list=category&categoryslug=bienes-raices-alquiler-apartamentos"
"₡215,000
-10%",San José Capital,"https://www.encuentra24.com/costa-rica-es/bienes-raices-alquiler-apartamentos/alquiler-apartamento-segundo-piso-dos-habitaciones-san-jose/28179368?q=f_rent.200000-300000|f_currency.CRC&regionslug=san-jose-provincia,heredia-provincia&list=category&categoryslug=bienes-raices-alquiler-apartamentos"
"₡260,000",Rohrmoser,"https://www.encuentra24.com/costa-rica-es/bienes-raices-alquiler-apartamentos/estudio-en-rohrmoser/28167547?q=f_rent.200000-300000|f_currency.CRC&regionslug=san-jose-provincia,heredia-provincia&list=category&categoryslug=bienes-raices-alquiler-apartamentos"
"₡230,000",Vázquez de Coronado,"https://www.encuentra24.com/costa-rica-es/bienes-raices-alquiler-apartamentos/alquiler-de-apto-en-condominio-en-san-antonio-de-coronado-para-informacion-enviar-un-whatsapp/28164735?q=f_rent.200000-300000|f_currency.CRC&regionslug=san-jose-provincia,heredia-provincia&list=category&categoryslug=bienes-raices-alquiler-apartamentos"
"₡230,000",Desamparados,"https://www.encuentra24.com/costa-rica-es/bienes-raices-alquiler-apartamentos/apartamento-tipo-estudio-en-san-rafael-abajo-de-desamparados/28161184?q=f_rent.200000-300000|f_currency.CRC&regionslug=san-jose-provincia,heredia-provincia&list=category&categoryslug=bienes-raices-alquiler-apartamentos"
"₡230,000",Santa Ana,"https://www.encuentra24.com/costa-rica-es/bienes-raices-alquiler-apartamentos/apartamento-amueblado-con-servicios-en-santa-ana-cod-2730/28159125?q=f_rent.200000-300000|f_currency.CRC&regionslug=san-jose-provincia,heredia-provincia&list=category&categoryslug=bienes-raices-alquiler-apartamentos"
"₡300,000",Santa Bárbara,"https://www.encuentra24.com/costa-rica-es/bienes-raices-alquiler-apartamentos/tranquila-casa-a-20min-de-heredia-y-alajuela/28155006?q=f_rent.200000-300000|f_currency.CRC&regionslug=san-jose-provincia,heredia-provincia&list=category&categoryslug=bienes-raices-alquiler-apartamentos"
$400.00,Pozos,"https://www.encuentra24.com/costa-rica-es/bienes-raices-alquiler-apartamentos/se-alquila-estudio-con-una-excelente-ubicacion/28152383?q=f_rent.200000-300000|f_currency.CRC&regionslug=san-jose-provincia,heredia-provincia&list=category&categoryslug=bienes-raices-alquiler-apartamentos"
"$400.00
-7%",San Rafael,"https://www.encuentra24.com/costa-rica-es/bienes-raices-alquiler-apartamentos/apartamento-en-escazu-serv-incluidos/28150121?q=f_rent.200000-300000|f_currency.CRC&regionslug=san-jose-provincia,heredia-provincia&list=category&categoryslug=bienes-raices-alquiler-apartamentos"
"₡220,000",San Sebastián,"https://www.encuentra24.com/costa-rica-es/bienes-raices-alquiler-apartamentos/alquiler-de-apto/28149992?q=f_rent.200000-300000|f_currency.CRC&regionslug=san-jose-provincia,heredia-provincia&list=category&categoryslug=bienes-raices-alquiler-apartamentos"
"₡285,000",Colón,"https://www.encuentra24.com/costa-rica-es/bienes-raices-alquiler-apartamentos/apartamento-amueblado-rodeado-de-arboles-el-rodeo-ciudad-colon-dos-dormitorios-dos-parking/28149291?q=f_rent.200000-300000|f_currency.CRC&regionslug=san-jose-provincia,heredia-provincia&list=category&categoryslug=bienes-raices-alquiler-apartamentos"
"₡225,000",Catedral,"https://www.encuentra24.com/costa-rica-es/bienes-raices-alquiler-apartamentos/studio/15314927?q=f_rent.200000-300000|f_currency.CRC&regionslug=san-jose-provincia,heredia-provincia&list=category&categoryslug=bienes-raices-alquiler-apartamentos"
$500.00,Escazú,"https://www.encuentra24.com/costa-rica-es/bienes-raices-alquiler-apartamentos/estudio-semi-amueblado-san-antonio-de-escazu/28145822?q=f_rent.200000-300000|f_currency.CRC&regionslug=san-jose-provincia,heredia-provincia&list=category&categoryslug=bienes-raices-alquiler-apartamentos"
"₡295,000",San Rafael,"https://www.encuentra24.com/costa-rica-es/bienes-raices-alquiler-apartamentos/se-renta-lindo-apartamento-en-san-rafael-de-heredia/28143849?q=f_rent.200000-300000|f_currency.CRC&regionslug=san-jose-provincia,heredia-provincia&list=category&categoryslug=bienes-raices-alquiler-apartamentos"
"₡270,000",Curridabat,"https://www.encuentra24.com/costa-rica-es/bienes-raices-alquiler-apartamentos/lourdes-de-montes-de-oca/28141423?q=f_rent.200000-300000|f_currency.CRC&regionslug=san-jose-provincia,heredia-provincia&list=category&categoryslug=bienes-raices-alquiler-apartamentos"
"₡255,000",Sabanilla,"https://www.encuentra24.com/costa-rica-es/bienes-raices-alquiler-apartamentos/alquiler-de-apartamento-de-1-hab-en-condominio-montes-de-oca/28140974?q=f_rent.200000-300000|f_currency.CRC&regionslug=san-jose-provincia,heredia-provincia&list=category&categoryslug=bienes-raices-alquiler-apartamentos"
"₡270,000",Barrio Escalante,"https://www.encuentra24.com/costa-rica-es/bienes-raices-alquiler-apartamentos/alquiler-de-apartamento-tipo-estudio-en-complejo-en-barrio-escalante/28140808?q=f_rent.200000-300000|f_currency.CRC&regionslug=san-jose-provincia,heredia-provincia&list=category&categoryslug=bienes-raices-alquiler-apartamentos"
"₡245,000
-6%",Pavas,"https://www.encuentra24.com/costa-rica-es/bienes-raices-alquiler-apartamentos/alquiler-de-apartamento-estudio-en-san-jose-1-habitacion/28120136?q=f_rent.200000-300000|f_currency.CRC&regionslug=san-jose-provincia,heredia-provincia&list=category&categoryslug=bienes-raices-alquiler-apartamentos"
"₡230,000",Santa Ana,"https://www.encuentra24.com/costa-rica-es/bienes-raices-alquiler-apartamentos/se-alquila-apartamento-amueblado-en-santa-ana-cod-2730/28102814?q=f_rent.200000-300000|f_currency.CRC&regionslug=san-jose-provincia,heredia-provincia&list=category&categoryslug=bienes-raices-alquiler-apartamentos"
"₡270,000",San José Capital,"https://www.encuentra24.com/costa-rica-es/bienes-raices-alquiler-apartamentos/alquiler-de-apartaestudio-san-jose-sabana-sur/28092342?q=f_rent.200000-300000|f_currency.CRC&regionslug=san-jose-provincia,heredia-provincia&list=category&categoryslug=bienes-raices-alquiler-apartamentos"
"₡230,000",Barrio Escalante,"https://www.encuentra24.com/costa-rica-es/bienes-raices-alquiler-apartamentos/alquiler-apartamento-en-san-jose-barrio-escalante-1-hab/28067589?q=f_rent.200000-300000|f_currency.CRC&regionslug=san-jose-provincia,heredia-provincia&list=category&categoryslug=bienes-raices-alquiler-apartamentos"
"₡270,000",Pozos,"https://www.encuentra24.com/costa-rica-es/bienes-raices-alquiler-apartamentos/apartamento-lindora/28058640?q=f_rent.200000-300000|f_currency.CRC&regionslug=san-jose-provincia,heredia-provincia&list=category&categoryslug=bienes-raices-alquiler-apartamentos"
"₡270,000",Mata Redonda,"https://www.encuentra24.com/costa-rica-es/bienes-raices-alquiler-apartamentos/alquilo-apartamento-en-sabana-sur/28058618?q=f_rent.200000-300000|f_currency.CRC&regionslug=san-jose-provincia,heredia-provincia&list=category&categoryslug=bienes-raices-alquiler-apartamentos"
"₡250,000",Goicoechea,"https://www.encuentra24.com/costa-rica-es/bienes-raices-alquiler-apartamentos/espacio-verde-en-la-urbe/28052972?q=f_rent.200000-300000|f_currency.CRC&regionslug=san-jose-provincia,heredia-provincia&list=category&categoryslug=bienes-raices-alquiler-apartamentos"
"₡230,000",San Pedro,"https://www.encuentra24.com/costa-rica-es/bienes-raices-alquiler-apartamentos/aparta-estudio-oficina-excelente-ubicacion-en-san-pedro-m-o/28038553?q=f_rent.200000-300000|f_currency.CRC&regionslug=san-jose-provincia,heredia-provincia&list=category&categoryslug=bienes-raices-alquiler-apartamentos"
"₡290,000",Río Oro,"https://www.encuentra24.com/costa-rica-es/bienes-raices-alquiler-apartamentos/lindo-apartamento-en-rio-oro-de-santa-ana-por-el-obelisco-pricesmart-escuela-etc/28038005?q=f_rent.200000-300000|f_currency.CRC&regionslug=san-jose-provincia,heredia-provincia&list=category&categoryslug=bienes-raices-alquiler-apartamentos"
$425.00,Santa Ana,"https://www.encuentra24.com/costa-rica-es/bienes-raices-alquiler-apartamentos/se-alquila-apartamento-en-santa-ana-cod-2804/28036057?q=f_rent.200000-300000|f_currency.CRC&regionslug=san-jose-provincia,heredia-provincia&list=category&categoryslug=bienes-raices-alquiler-apartamentos"
"₡230,000",Santa Ana,"https://www.encuentra24.com/costa-rica-es/bienes-raices-alquiler-apartamentos/se-alquila-apartamento-amueblado-en-santa-ana-cod-2730/28035987?q=f_rent.200000-300000|f_currency.CRC&regionslug=san-jose-provincia,heredia-provincia&list=category&categoryslug=bienes-raices-alquiler-apartamentos"
"₡255,000",Sabanilla,"https://www.encuentra24.com/costa-rica-es/bienes-raices-alquiler-apartamentos/alquiler-de-apartamento-1-hab-montes-de-oca-sabanilla-sector-ucr/28017567?q=f_rent.200000-300000|f_currency.CRC&regionslug=san-jose-provincia,heredia-provincia&list=category&categoryslug=bienes-raices-alquiler-apartamentos"
"₡220,000",San Rafael,"https://www.encuentra24.com/costa-rica-es/bienes-raices-alquiler-apartamentos/apartamentos-nuevos-loft-edificio-de-27-aptos-3-pisos/1115562?q=f_rent.200000-300000|f_currency.CRC&regionslug=san-jose-provincia,heredia-provincia&list=category&categoryslug=bienes-raices-alquiler-apartamentos"
"₡220,000",Desamparados,"https://www.encuentra24.com/costa-rica-es/bienes-raices-alquiler-apartamentos/alquilo-amplio-apartamento-en-desamparados/27990489?q=f_rent.200000-300000|f_currency.CRC&regionslug=san-jose-provincia,heredia-provincia&list=category&categoryslug=bienes-raices-alquiler-apartamentos"
"₡260,000",Ciudad Curridabat,"https://www.encuentra24.com/costa-rica-es/bienes-raices-alquiler-apartamentos/aparta-1-habitacion-detras-del-cfia/27983900?q=f_rent.200000-300000|f_currency.CRC&regionslug=san-jose-provincia,heredia-provincia&list=category&categoryslug=bienes-raices-alquiler-apartamentos"
"₡295,000",Santo Domingo,"https://www.encuentra24.com/costa-rica-es/bienes-raices-alquiler-apartamentos/se-alquila-apartamento/27970854?q=f_rent.200000-300000|f_currency.CRC&regionslug=san-jose-provincia,heredia-provincia&list=category&categoryslug=bienes-raices-alquiler-apartamentos"
"₡220,000",San Vicente,"https://www.encuentra24.com/costa-rica-es/bienes-raices-alquiler-apartamentos/apartamento-cerca-de-plaza-lincoln/27966330?q=f_rent.200000-300000|f_currency.CRC&regionslug=san-jose-provincia,heredia-provincia&list=category&categoryslug=bienes-raices-alquiler-apartamentos"
"₡200,000
-33%",San Pedro,"https://www.encuentra24.com/costa-rica-es/bienes-raices-alquiler-apartamentos/apartamento-para-alquilar-en-betania-detras-de-la-ucr/27966282?q=f_rent.200000-300000|f_currency.CRC&regionslug=san-jose-provincia,heredia-provincia&list=category&categoryslug=bienes-raices-alquiler-apartamentos"
"₡240,000",Hatillo,"https://www.encuentra24.com/costa-rica-es/bienes-raices-alquiler-apartamentos/lindo-apartamento-en-hatillo-2-por-iglesia-maria-reina-por-iglesia-metodista-etc/27965573?q=f_rent.200000-300000|f_currency.CRC&regionslug=san-jose-provincia,heredia-provincia&list=category&categoryslug=bienes-raices-alquiler-apartamentos"
"₡230,000",Santa Ana,"https://www.encuentra24.com/costa-rica-es/bienes-raices-alquiler-apartamentos/se-alquila-apartamento-amueblado-en-santa-ana-cod-2730/27955660?q=f_rent.200000-300000|f_currency.CRC&regionslug=san-jose-provincia,heredia-provincia&list=category&categoryslug=bienes-raices-alquiler-apartamentos"
"₡250,000
-29%",San Pablo,"https://www.encuentra24.com/costa-rica-es/bienes-raices-alquiler-apartamentos/nuevos-apartamentos-tipo-studios-1-y-2-aposentos/27951897?q=f_rent.200000-300000|f_currency.CRC&regionslug=san-jose-provincia,heredia-provincia&list=category&categoryslug=bienes-raices-alquiler-apartamentos"
"₡260,000",San Sebastián,"https://www.encuentra24.com/costa-rica-es/bienes-raices-alquiler-apartamentos/apartamento-en-2do-nivel-2-dormitorios-1-estacionamiento-techado/27941679?q=f_rent.200000-300000|f_currency.CRC&regionslug=san-jose-provincia,heredia-provincia&list=category&categoryslug=bienes-raices-alquiler-apartamentos"
$500.00,Carmen,"https://www.encuentra24.com/costa-rica-es/bienes-raices-alquiler-apartamentos/apartamento-san-jose-centro/24626326?q=f_rent.200000-300000|f_currency.CRC&regionslug=san-jose-provincia,heredia-provincia&list=category&categoryslug=bienes-raices-alquiler-apartamentos"
"₡265,000",San Isidro,"https://www.encuentra24.com/costa-rica-es/bienes-raices-alquiler-apartamentos/se-alquila-apartamento-en-san-isidro-heredia/25570795?q=f_rent.200000-300000|f_currency.CRC&regionslug=san-jose-provincia,heredia-provincia&list=category&categoryslug=bienes-raices-alquiler-apartamentos"
"₡260,000",Rohrmoser,"https://www.encuentra24.com/costa-rica-es/bienes-raices-alquiler-apartamentos/alquiler-de-estudio-en-rohrmoser-san-jose/27917220?q=f_rent.200000-300000|f_currency.CRC&regionslug=san-jose-provincia,heredia-provincia&list=category&categoryslug=bienes-raices-alquiler-apartamentos"
"₡250,000",Catedral,"https://www.encuentra24.com/costa-rica-es/bienes-raices-alquiler-apartamentos/comodo-y-seguro-apartamento-en-san-isidro-de-heredia/27902933?q=f_rent.200000-300000|f_currency.CRC&regionslug=san-jose-provincia,heredia-provincia&list=category&categoryslug=bienes-raices-alquiler-apartamentos"
"₡225,000",Desamparados,"https://www.encuentra24.com/costa-rica-es/bienes-raices-alquiler-apartamentos/casa-en-alquiler-escuela-quemada/25590120?q=f_rent.200000-300000|f_currency.CRC&regionslug=san-jose-provincia,heredia-provincia&list=category&categoryslug=bienes-raices-alquiler-apartamentos"
"₡200,000",Guadalupe,"https://www.encuentra24.com/costa-rica-es/bienes-raices-alquiler-apartamentos/alquiler-de-apartamento-guadalupe-centro/22792949?q=f_rent.200000-300000|f_currency.CRC&regionslug=san-jose-provincia,heredia-provincia&list=category&categoryslug=bienes-raices-alquiler-apartamentos"
"₡230,000",Santa Ana,"https://www.encuentra24.com/costa-rica-es/bienes-raices-alquiler-apartamentos/se-alquila-apartamento-amueblado-en-santa-ana-cod-2730/27894241?q=f_rent.200000-300000|f_currency.CRC&regionslug=san-jose-provincia,heredia-provincia&list=category&categoryslug=bienes-raices-alquiler-apartamentos"
"₡215,000",Guadalupe,"https://www.encuentra24.com/costa-rica-es/bienes-raices-alquiler-apartamentos/alquiler-de-apartamento-en-el-carmen-de-guadalupe/27890425?q=f_rent.200000-300000|f_currency.CRC&regionslug=san-jose-provincia,heredia-provincia&list=category&categoryslug=bienes-raices-alquiler-apartamentos"
"₡255,000",San José Capital,"https://www.encuentra24.com/costa-rica-es/bienes-raices-alquiler-apartamentos/alquiler-apartamento-1-hab-san-jose-barrio-francisco-peralta/27883161?q=f_rent.200000-300000|f_currency.CRC&regionslug=san-jose-provincia,heredia-provincia&list=category&categoryslug=bienes-raices-alquiler-apartamentos"
$475.00,San Isidro,"https://www.encuentra24.com/costa-rica-es/bienes-raices-alquiler-apartamentos/moderno-apartamento-en-alquiler/26152552?q=f_rent.200000-300000|f_currency.CRC&regionslug=san-jose-provincia,heredia-provincia&list=category&categoryslug=bienes-raices-alquiler-apartamentos"
"₡230,000",Desamparados,"https://www.encuentra24.com/costa-rica-es/bienes-raices-alquiler-apartamentos/alquilo-apto-en-desamparados-san-rafael-arriba-bo-alpino/26131772?q=f_rent.200000-300000|f_currency.CRC&regionslug=san-jose-provincia,heredia-provincia&list=category&categoryslug=bienes-raices-alquiler-apartamentos"
"₡250,000",Rohrmoser,"https://www.encuentra24.com/costa-rica-es/bienes-raices-alquiler-apartamentos/apartamento-en-rohrmoser-servicios-incluidos-agua-luz-internet-cochera/26089631?q=f_rent.200000-300000|f_currency.CRC&regionslug=san-jose-provincia,heredia-provincia&list=category&categoryslug=bienes-raices-alquiler-apartamentos"
"₡200,000",Guadalupe,"https://www.encuentra24.com/costa-rica-es/bienes-raices-alquiler-apartamentos/apartamento-en-alquiler-en-guadalupe-excelente-ubicacion/26043533?q=f_rent.200000-300000|f_currency.CRC&regionslug=san-jose-provincia,heredia-provincia&list=category&categoryslug=bienes-raices-alquiler-apartamentos"
"₡245,000",Heredia,"https://www.encuentra24.com/costa-rica-es/bienes-raices-alquiler-apartamentos/alquiler-de-apartamento-en-heredia-cerca-del-paseo-de-las-flores-y-universidades/18692591?q=f_rent.200000-300000|f_currency.CRC&regionslug=san-jose-provincia,heredia-provincia&list=category&categoryslug=bienes-raices-alquiler-apartamentos"
"₡250,000",San José provincia,"https://www.encuentra24.com/costa-rica-es/bienes-raices-alquiler-apartamentos/apartamentos-en-segunta-planta/25324663?q=f_rent.200000-300000|f_currency.CRC&regionslug=san-jose-provincia,heredia-provincia&list=category&categoryslug=bienes-raices-alquiler-apartamentos"
"₡250,000",Santo Domingo,"https://www.encuentra24.com/costa-rica-es/bienes-raices-alquiler-apartamentos/hermoso-apartamento-en-santo-domingo-heredia/25306596?q=f_rent.200000-300000|f_currency.CRC&regionslug=san-jose-provincia,heredia-provincia&list=category&categoryslug=bienes-raices-alquiler-apartamentos"
"₡280,000",Ciudad Curridabat,"https://www.encuentra24.com/costa-rica-es/bienes-raices-alquiler-apartamentos/apartamento-3-habitaciones-en-condominio/25918664?q=f_rent.200000-300000|f_currency.CRC&regionslug=san-jose-provincia,heredia-provincia&list=category&categoryslug=bienes-raices-alquiler-apartamentos"
$495.00,San Pedro,"https://www.encuentra24.com/costa-rica-es/bienes-raices-alquiler-apartamentos/alquiler-compartido-para-3-estudiantes-san-pedro/24847099?q=f_rent.200000-300000|f_currency.CRC&regionslug=san-jose-provincia,heredia-provincia&list=category&categoryslug=bienes-raices-alquiler-apartamentos"
$555.00,San Pedro,"https://www.encuentra24.com/costa-rica-es/bienes-raices-alquiler-apartamentos/alquiler-tipo-estudio-para-1-estudiante-san-pedro/24846432?q=f_rent.200000-300000|f_currency.CRC&regionslug=san-jose-provincia,heredia-provincia&list=category&categoryslug=bienes-raices-alquiler-apartamentos"
"₡265,000",Mercedes,"https://www.encuentra24.com/costa-rica-es/bienes-raices-alquiler-apartamentos/apartamento-cerca-de-ucr-y-otras-universidades/25759783?q=f_rent.200000-300000|f_currency.CRC&regionslug=san-jose-provincia,heredia-provincia&list=category&categoryslug=bienes-raices-alquiler-apartamentos"
"₡240,000",San Isidro,"https://www.encuentra24.com/costa-rica-es/bienes-raices-alquiler-apartamentos/apartamento-para-1persona-sin-macostas/25753303?q=f_rent.200000-300000|f_currency.CRC&regionslug=san-jose-provincia,heredia-provincia&list=category&categoryslug=bienes-raices-alquiler-apartamentos"
"₡260,000",Desamparados,"https://www.encuentra24.com/costa-rica-es/bienes-raices-alquiler-apartamentos/se-alquila-apartamento-en-condominio-condovilla-desamparados/25717052?q=f_rent.200000-300000|f_currency.CRC&regionslug=san-jose-provincia,heredia-provincia&list=category&categoryslug=bienes-raices-alquiler-apartamentos"
"₡280,000
-14%",Escazú,"https://www.encuentra24.com/costa-rica-es/bienes-raices-alquiler-apartamentos/apto-escazu-pet-friendly-inc-serv-280-000/25748915?q=f_rent.200000-300000|f_currency.CRC&regionslug=san-jose-provincia,heredia-provincia&list=category&categoryslug=bienes-raices-alquiler-apartamentos"
"₡200,000",Catedral,"https://www.encuentra24.com/costa-rica-es/bienes-raices-alquiler-apartamentos/habitacion-sencilla-cerca-del-parque-central-de-san-jose-costa-rica/15314840?q=f_rent.200000-300000|f_currency.CRC&regionslug=san-jose-provincia,heredia-provincia&list=category&categoryslug=bienes-raices-alquiler-apartamentos"
"₡240,000",San Antonio,"https://www.encuentra24.com/costa-rica-es/bienes-raices-alquiler-apartamentos/apartamento-cerca-de-belen-y-lindora/25731983?q=f_rent.200000-300000|f_currency.CRC&regionslug=san-jose-provincia,heredia-provincia&list=category&categoryslug=bienes-raices-alquiler-apartamentos"
"₡285,000",Santo Domingo,"https://www.encuentra24.com/costa-rica-es/bienes-raices-alquiler-apartamentos/santo-domingo-x-inbioparque/25722165?q=f_rent.200000-300000|f_currency.CRC&regionslug=san-jose-provincia,heredia-provincia&list=category&categoryslug=bienes-raices-alquiler-apartamentos"
"₡280,000",San José provincia,"https://www.encuentra24.com/costa-rica-es/bienes-raices-alquiler-apartamentos/apartamento-excelente-ubicacion-muy-seguro/25689765?q=f_rent.200000-300000|f_currency.CRC&regionslug=san-jose-provincia,heredia-provincia&list=category&categoryslug=bienes-raices-alquiler-apartamentos"
"₡220,000",Heredia,"https://www.encuentra24.com/costa-rica-es/bienes-raices-alquiler-apartamentos/apartamento-en-alquiler-220-000-por-mes/25638806?q=f_rent.200000-300000|f_currency.CRC&regionslug=san-jose-provincia,heredia-provincia&list=category&categoryslug=bienes-raices-alquiler-apartamentos"
"₡270,000",Catedral,"https://www.encuentra24.com/costa-rica-es/bienes-raices-alquiler-apartamentos/alquiler-apartamento-barrio-lujan/25476867?q=f_rent.200000-300000|f_currency.CRC&regionslug=san-jose-provincia,heredia-provincia&list=category&categoryslug=bienes-raices-alquiler-apartamentos"
"₡250,000
-12%",Mercedes,"https://www.encuentra24.com/costa-rica-es/bienes-raices-alquiler-apartamentos/alquiler-de-apartamento-en-mercedes-norte-heredia/25421346?q=f_rent.200000-300000|f_currency.CRC&regionslug=san-jose-provincia,heredia-provincia&list=category&categoryslug=bienes-raices-alquiler-apartamentos"
"₡210,000",Montes de Oca,"https://www.encuentra24.com/costa-rica-es/bienes-raices-alquiler-apartamentos/alquiler-de-apartamento-1-habitacion-los-yoses/25407529?q=f_rent.200000-300000|f_currency.CRC&regionslug=san-jose-provincia,heredia-provincia&list=category&categoryslug=bienes-raices-alquiler-apartamentos"
"₡200,000",Heredia,"https://www.encuentra24.com/costa-rica-es/bienes-raices-alquiler-apartamentos/se-alquila-apartamento-heredia-centro-1-habitacion/24813076?q=f_rent.200000-300000|f_currency.CRC&regionslug=san-jose-provincia,heredia-provincia&list=category&categoryslug=bienes-raices-alquiler-apartamentos"
"$500.00
-5%",Montes de Oca,"https://www.encuentra24.com/costa-rica-es/bienes-raices-alquiler-apartamentos/alquiler-de-apto-estudio-incluye-servicios-san-pedro/24788507?q=f_rent.200000-300000|f_currency.CRC&regionslug=san-jose-provincia,heredia-provincia&list=category&categoryslug=bienes-raices-alquiler-apartamentos"
$550.00,San José provincia,"https://www.encuentra24.com/costa-rica-es/bienes-raices-alquiler-apartamentos/alquiler-apartamento-studio-amueblado-en-guachipelin-escazu-19400/24669435?q=f_rent.200000-300000|f_currency.CRC&regionslug=san-jose-provincia,heredia-provincia&list=category&categoryslug=bienes-raices-alquiler-apartamentos"
"₡290,000",San Isidro,"https://www.encuentra24.com/costa-rica-es/bienes-raices-alquiler-apartamentos/puntarenas-apto-estudio-amueblado-a-250m-de-la-playa-b-el-carmen/23844246?q=f_rent.200000-300000|f_currency.CRC&regionslug=san-jose-provincia,heredia-provincia&list=category&categoryslug=bienes-raices-alquiler-apartamentos"
